{
        "--main-bg-color": "rgba(30, 30, 35, 1)",
        "--second-bg-color": "rgba(255, 255, 255, .1)",
        "--main-color": "rgba(221, 221, 221, 1)",
        "--sub-color": "rgba(140, 140, 140, 1)",
        "--toggle-off-color": "rgba(221, 221, 221, .2)",
        "--border-color": "rgba(221, 221, 221, .3)",
        "--toggle-on-color": "rgba(0, 255, 0, 1)",
        "--toggle-button-color": "rgba(255, 255, 255, 1)",
        "--icon-fill-color": "rgba(200, 200, 200, 1)",
        "--hover-color1": "rgba(200, 200, 200, .5)",
        "--hover-color2": "rgba(200, 200, 205, .3)",
        "--log_chat_color": "rgba(35, 35, 255, .5)",
        "--log_error_color": "rgba(255, 35, 35, .5)",
        "--log_warn_color": "rgba(255, 255, 35, .5)",
        "--log_info_color": "rgba(30, 255, 35, .5)",
        "--log_other_color": "rgba(255, 255, 255, .5)",
        "--log_chat_hover_color": "rgba(255, 255, 255, .7)",
        "--log_error_hover_color": "rgba(255, 35, 35, .7)",
        "--log_warn_hover_color": "rgba(255, 255, 35, .7)",
        "--log_info_hover_color": "rgba(30, 255, 35, .7)",
        "--log_other_hover_color": "rgba(255, 255, 255, .7)"
}